Name,Chapter
"Ikelmer ",Chapter 2 (Prospectus%20main%20page%20(outdated)%201a0a8fa33dc58065b92efad903e03f16/Writing%20drafts%201eea8fa33dc580768fe9ef08bc4eee7a/Chapter%202%201eea8fa33dc580db9f31dcac6ac5fe90.md)
Organ grinders general,Chapter 3 (1863) (Prospectus%20main%20page%20(outdated)%201a0a8fa33dc58065b92efad903e03f16/Writing%20drafts%201eea8fa33dc580768fe9ef08bc4eee7a/Chapter%203%20(1863)%201fba8fa33dc5805fa210daed6304e25f.md)
Ikelmer/commerson,
“populaire” misc references,
Gonet (publisher/Ikelmer),
Algiers charity ball,Chapter 4 (1867) (Prospectus%20main%20page%20(outdated)%201a0a8fa33dc58065b92efad903e03f16/Writing%20drafts%201eea8fa33dc580768fe9ef08bc4eee7a/Chapter%204%20(1867)%201eea8fa33dc5814fa184d173a98f0d1b.md)
Joint stock companies,
Bordeaux incident,
Timbre de colportage (1852),
Ledentu society creation,
Revista popular (brasil),